/*
 Navicat Premium Data Transfer

 Source Server         : centos_mysql_1
 Source Server Type    : MySQL
 Source Server Version : 50728
 Source Host           : inmeyu.com:3306
 Source Schema         : person_managent

 Target Server Type    : MySQL
 Target Server Version : 50728
 File Encoding         : 65001

 Date: 14/12/2019 12:28:17
*/

SET NAMES utf8mb4;
SET FOREIGN_KEY_CHECKS = 0;

-- ----------------------------
-- Table structure for chat_friend
-- ----------------------------
DROP TABLE IF EXISTS `chat_friend`;
CREATE TABLE `chat_friend`  (
  `id` varchar(64) CHARACTER SET utf8mb4 COLLATE utf8mb4_general_ci NOT NULL,
  `my_user_id` varchar(64) CHARACTER SET utf8mb4 COLLATE utf8mb4_general_ci NULL DEFAULT NULL,
  `friend_user_id` varchar(64) CHARACTER SET utf8mb4 COLLATE utf8mb4_general_ci NULL DEFAULT NULL,
  `msg` varchar(255) CHARACTER SET utf8mb4 COLLATE utf8mb4_general_ci NULL DEFAULT NULL,
  `is_read` tinyint(1) NULL DEFAULT 0 COMMENT '登录人是否已读',
  `create_time` datetime(0) NULL DEFAULT NULL,
  PRIMARY KEY (`id`) USING BTREE
) ENGINE = InnoDB CHARACTER SET = utf8mb4 COLLATE = utf8mb4_general_ci COMMENT = '聊天信息表' ROW_FORMAT = Dynamic;

-- ----------------------------
-- Records of chat_friend
-- ----------------------------
INSERT INTO `chat_friend` VALUES ('0F37B6910870465D93F8BE7D30C3E61F', '32FD77B7708F41F4B0447F6419CC3B94', 'DE7FEBD0BA494627B02D86AE87D53AA0', '您好， 我是蒲政宇', 1, '2019-12-14 12:26:50');
INSERT INTO `chat_friend` VALUES ('878F3BB7AE3649CD9A1F0DB7441807B4', 'DE7FEBD0BA494627B02D86AE87D53AA0', '32FD77B7708F41F4B0447F6419CC3B94', '您好，我是郑天予', 0, '2019-12-14 12:27:07');

-- ----------------------------
-- Table structure for chat_user_friend
-- ----------------------------
DROP TABLE IF EXISTS `chat_user_friend`;
CREATE TABLE `chat_user_friend`  (
  `id` varchar(64) CHARACTER SET utf8mb4 COLLATE utf8mb4_general_ci NOT NULL,
  `my_user_id` varchar(64) CHARACTER SET utf8mb4 COLLATE utf8mb4_general_ci NULL DEFAULT NULL COMMENT '登录人Id',
  `friend_user_id` varchar(64) CHARACTER SET utf8mb4 COLLATE utf8mb4_general_ci NULL DEFAULT NULL COMMENT '好友Id',
  PRIMARY KEY (`id`) USING BTREE
) ENGINE = InnoDB CHARACTER SET = utf8mb4 COLLATE = utf8mb4_general_ci COMMENT = '好友关联表' ROW_FORMAT = Dynamic;

-- ----------------------------
-- Records of chat_user_friend
-- ----------------------------
INSERT INTO `chat_user_friend` VALUES ('DE7FEPS0BA494627B02D86AE87D53AA0', 'DE7FEBD0BA494627B02D86AE87D53AA0', '32FD77B7708F41F4B0447F6419CC3B94');
INSERT INTO `chat_user_friend` VALUES ('DE7FEPS0BA494627B02D86AE87D53BBC', '32FD77B7708F41F4B0447F6419CC3B94', 'DE7FEBD0BA494627B02D86AE87D53AA0');

-- ----------------------------
-- Table structure for sys_menu
-- ----------------------------
DROP TABLE IF EXISTS `sys_menu`;
CREATE TABLE `sys_menu`  (
  `id` varchar(64) CHARACTER SET utf8mb4 COLLATE utf8mb4_general_ci NOT NULL,
  `menu_name` varchar(64) CHARACTER SET utf8mb4 COLLATE utf8mb4_general_ci NULL DEFAULT NULL COMMENT '菜单名称',
  `path` varchar(64) CHARACTER SET utf8mb4 COLLATE utf8mb4_general_ci NULL DEFAULT NULL,
  `component` varchar(65) CHARACTER SET utf8mb4 COLLATE utf8mb4_general_ci NULL DEFAULT NULL,
  `folder` varchar(65) CHARACTER SET utf8mb4 COLLATE utf8mb4_general_ci NULL DEFAULT NULL COMMENT '文件夹名称',
  `icon` varchar(64) CHARACTER SET utf8mb4 COLLATE utf8mb4_general_ci NULL DEFAULT NULL,
  `perms` varchar(64) CHARACTER SET utf8mb4 COLLATE utf8mb4_general_ci NULL DEFAULT NULL COMMENT '权限',
  `type` int(11) NULL DEFAULT NULL COMMENT '1-菜单 2-按钮',
  `require_auth` tinyint(1) NULL DEFAULT NULL COMMENT '1-true 0-falsetrue需要登录',
  `parent_id` varchar(64) CHARACTER SET utf8mb4 COLLATE utf8mb4_general_ci NULL DEFAULT NULL,
  `enabled` tinyint(1) NULL DEFAULT 1 COMMENT '1-true 0-fasle true启用',
  `create_time` datetime(0) NULL DEFAULT NULL,
  `update_time` datetime(0) NULL DEFAULT NULL,
  PRIMARY KEY (`id`) USING BTREE
) ENGINE = InnoDB CHARACTER SET = utf8mb4 COLLATE = utf8mb4_general_ci ROW_FORMAT = Dynamic;

-- ----------------------------
-- Records of sys_menu
-- ----------------------------
INSERT INTO `sys_menu` VALUES ('00B6878802BE473D928DA72F438ABF75', '好友聊天', '/friend/chat', 'FirendChat', 'firend', '', NULL, 1, 1, '4635748DEF5541DE921B118511CF9C1F', 1, '2019-12-13 17:40:54', '2019-12-13 17:40:54');
INSERT INTO `sys_menu` VALUES ('024614DF82734A44BA9954D9C1DC04AB', '新增角色', '', '', '', '', 'role:add', 2, 1, '81190EB4B7FF4612811A14739DBEE1A0', 1, '2019-12-13 17:33:21', '2019-12-13 17:33:21');
INSERT INTO `sys_menu` VALUES ('081E1B28C887466FA63D19D8AB9AD414', '查询全部角色', '', '', '', '', 'role:sel', 2, 1, '81190EB4B7FF4612811A14739DBEE1A0', 1, '2019-12-13 17:31:08', '2019-12-13 17:31:08');
INSERT INTO `sys_menu` VALUES ('0E082664D09646F4B92C0A55C86B05C7', '查看角色详情', '', '', '', '', 'role:get', 2, 1, '81190EB4B7FF4612811A14739DBEE1A0', 1, '2019-12-13 17:33:07', '2019-12-13 17:33:07');
INSERT INTO `sys_menu` VALUES ('0E8C5AC959F74E08A633A2590765B6AB', '菜单管理', '/sys/menu', 'Menu', 'sysMenu', '', NULL, 1, 1, 'E26814A1511A4720B1BFE2F45DF6D31E', 1, '2019-12-13 17:18:47', '2019-12-13 17:18:47');
INSERT INTO `sys_menu` VALUES ('4635748DEF5541DE921B118511CF9C1F', '聊天管理', '/index', 'Home', 'Home', 'fa fa-user-circle-o', NULL, 1, 1, '0', 1, '2019-12-13 17:35:16', '2019-12-13 17:35:16');
INSERT INTO `sys_menu` VALUES ('5AD56DBA361F4AA8A8C8FA9D2CDCDDBA', '删除角色', '', '', '', '', 'role:del', 2, 1, '81190EB4B7FF4612811A14739DBEE1A0', 1, '2019-12-13 17:33:31', '2019-12-13 17:33:31');
INSERT INTO `sys_menu` VALUES ('5F6A1D21785443768BBBD9864C151308', '新增用户', '', '', '', '', 'user:add', 2, 1, 'FE033800FD86421095B0CD67A1423E99', 1, '2019-12-13 17:32:25', '2019-12-13 17:32:25');
INSERT INTO `sys_menu` VALUES ('81190EB4B7FF4612811A14739DBEE1A0', '角色管理', '/sys/role', 'Role', 'sysRole', '', NULL, 1, 1, 'E26814A1511A4720B1BFE2F45DF6D31E', 1, '2019-12-13 17:30:14', '2019-12-13 17:30:14');
INSERT INTO `sys_menu` VALUES ('B4E7F17ED47543BBAB23265FF1F7348F', '查询全部用户', '', '', '', '', 'user:sel', 2, 1, 'FE033800FD86421095B0CD67A1423E99', 1, '2019-12-13 17:31:52', '2019-12-13 17:31:52');
INSERT INTO `sys_menu` VALUES ('CB37A15EC69D4A05BB5278C1C514EA11', '好友管理', '/friend/managent', 'FriendManagent', 'friend', '', NULL, 1, 1, '4635748DEF5541DE921B118511CF9C1F', 1, '2019-12-13 17:40:29', '2019-12-13 17:40:29');
INSERT INTO `sys_menu` VALUES ('DE63F5A4F9AA4F119DF48277CF281E09', '修改角色', '', '', '', '', 'role:upd', 2, 1, '81190EB4B7FF4612811A14739DBEE1A0', 1, '2019-12-13 17:33:44', '2019-12-13 17:33:44');
INSERT INTO `sys_menu` VALUES ('E26814A1511A4720B1BFE2F45DF6D31E', '系统管理', '/index', 'Home', 'Home', 'fa fa-windows', NULL, 1, 1, '0', 1, '2019-12-13 17:17:25', '2019-12-13 17:17:25');
INSERT INTO `sys_menu` VALUES ('E2DA16D066024EA9B5F33D0C4CF8C694', '修改用户', '', '', '', '', 'user:upd', 2, 1, 'FE033800FD86421095B0CD67A1423E99', 1, '2019-12-13 17:32:54', '2019-12-13 17:32:54');
INSERT INTO `sys_menu` VALUES ('F029C982B0854D4990ACF23D6BFBC50B', '查看用户详情', '', '', '', '', 'user:get', 2, 1, 'FE033800FD86421095B0CD67A1423E99', 1, '2019-12-13 17:32:11', '2019-12-13 17:32:11');
INSERT INTO `sys_menu` VALUES ('F3755B78FE584EA1871C09829043D054', '删除用户', '', '', '', '', 'user:del', 2, 1, 'FE033800FD86421095B0CD67A1423E99', 1, '2019-12-13 17:32:38', '2019-12-13 17:32:38');
INSERT INTO `sys_menu` VALUES ('FE033800FD86421095B0CD67A1423E99', '用户管理', '/sys/user', 'User', 'sysUser', '', NULL, 1, 1, 'E26814A1511A4720B1BFE2F45DF6D31E', 1, '2019-12-13 17:30:41', '2019-12-13 17:30:41');

-- ----------------------------
-- Table structure for sys_role
-- ----------------------------
DROP TABLE IF EXISTS `sys_role`;
CREATE TABLE `sys_role`  (
  `id` varchar(64) CHARACTER SET utf8mb4 COLLATE utf8mb4_general_ci NOT NULL,
  `role_name` varchar(255) CHARACTER SET utf8mb4 COLLATE utf8mb4_general_ci NULL DEFAULT NULL COMMENT '角色名称',
  `is_admin` tinyint(1) NULL DEFAULT 0 COMMENT '1-true 0-false 管理员',
  `description` varchar(255) CHARACTER SET utf8mb4 COLLATE utf8mb4_general_ci NULL DEFAULT NULL COMMENT '描述',
  `create_time` datetime(0) NULL DEFAULT NULL,
  `update_time` datetime(0) NULL DEFAULT NULL,
  PRIMARY KEY (`id`) USING BTREE
) ENGINE = InnoDB CHARACTER SET = utf8mb4 COLLATE = utf8mb4_general_ci ROW_FORMAT = Dynamic;

-- ----------------------------
-- Records of sys_role
-- ----------------------------
INSERT INTO `sys_role` VALUES ('355FDC27458148939BB38DCAABDA2632', '基本角色', 0, '', '2019-12-13 17:34:22', '2019-12-14 12:22:04');
INSERT INTO `sys_role` VALUES ('D43012D564CA4020BFD4B2BF255C414C', '超级管理员', 1, '超级管理员', '2019-12-13 17:16:39', '2019-12-13 17:16:39');

-- ----------------------------
-- Table structure for sys_role_menu
-- ----------------------------
DROP TABLE IF EXISTS `sys_role_menu`;
CREATE TABLE `sys_role_menu`  (
  `id` varchar(64) CHARACTER SET utf8mb4 COLLATE utf8mb4_general_ci NOT NULL,
  `role_id` varchar(64) CHARACTER SET utf8mb4 COLLATE utf8mb4_general_ci NULL DEFAULT NULL,
  `menu_id` varchar(64) CHARACTER SET utf8mb4 COLLATE utf8mb4_general_ci NULL DEFAULT NULL,
  PRIMARY KEY (`id`) USING BTREE
) ENGINE = InnoDB CHARACTER SET = utf8mb4 COLLATE = utf8mb4_general_ci ROW_FORMAT = Dynamic;

-- ----------------------------
-- Records of sys_role_menu
-- ----------------------------
INSERT INTO `sys_role_menu` VALUES ('03B5ECC015B246ABB019E67B3E9B3A70', '355FDC27458148939BB38DCAABDA2632', 'CB37A15EC69D4A05BB5278C1C514EA11');
INSERT INTO `sys_role_menu` VALUES ('0E039676617B4F14B72A47787ED58AFC', 'D43012D564CA4020BFD4B2BF255C414C', '0E082664D09646F4B92C0A55C86B05C7');
INSERT INTO `sys_role_menu` VALUES ('20BF84926503499BB20924C1740FB787', 'D43012D564CA4020BFD4B2BF255C414C', 'B4E7F17ED47543BBAB23265FF1F7348F');
INSERT INTO `sys_role_menu` VALUES ('20BFA6C43C97466FA592510FDF3342AB', '355FDC27458148939BB38DCAABDA2632', '081E1B28C887466FA63D19D8AB9AD414');
INSERT INTO `sys_role_menu` VALUES ('2B7F2807050F4ECB9123B593ED404B30', 'D43012D564CA4020BFD4B2BF255C414C', 'DE63F5A4F9AA4F119DF48277CF281E09');
INSERT INTO `sys_role_menu` VALUES ('2E331B563DE84DB7AAE31AFD814E2A86', 'D43012D564CA4020BFD4B2BF255C414C', '81190EB4B7FF4612811A14739DBEE1A0');
INSERT INTO `sys_role_menu` VALUES ('2E59C9757B1940BD85ECCAEF9866F9D7', '355FDC27458148939BB38DCAABDA2632', 'F029C982B0854D4990ACF23D6BFBC50B');
INSERT INTO `sys_role_menu` VALUES ('3395AA3A58284B0A81D7DD17E7D041E7', 'D43012D564CA4020BFD4B2BF255C414C', 'F3755B78FE584EA1871C09829043D054');
INSERT INTO `sys_role_menu` VALUES ('4B2E0A11A1E0498C81E21465611F9BBB', 'D43012D564CA4020BFD4B2BF255C414C', '081E1B28C887466FA63D19D8AB9AD414');
INSERT INTO `sys_role_menu` VALUES ('4DFA2F67381C4A42B6F67E3EB95A4C39', 'D43012D564CA4020BFD4B2BF255C414C', '5F6A1D21785443768BBBD9864C151308');
INSERT INTO `sys_role_menu` VALUES ('5A490D79D1124015AB31D4F12A9D511A', 'D43012D564CA4020BFD4B2BF255C414C', 'CB37A15EC69D4A05BB5278C1C514EA11');
INSERT INTO `sys_role_menu` VALUES ('7EB0A3E33C6148458EE31F6F2C22456C', 'D43012D564CA4020BFD4B2BF255C414C', 'F029C982B0854D4990ACF23D6BFBC50B');
INSERT INTO `sys_role_menu` VALUES ('7EECB99A26A04EE89F12DDC7C7B14CD2', '355FDC27458148939BB38DCAABDA2632', 'FE033800FD86421095B0CD67A1423E99');
INSERT INTO `sys_role_menu` VALUES ('80A5723EEF134038A6F1DB9711DFF7FC', 'D43012D564CA4020BFD4B2BF255C414C', '024614DF82734A44BA9954D9C1DC04AB');
INSERT INTO `sys_role_menu` VALUES ('9237CB8F445649BBBF63B634B1513E5D', 'D43012D564CA4020BFD4B2BF255C414C', 'E2DA16D066024EA9B5F33D0C4CF8C694');
INSERT INTO `sys_role_menu` VALUES ('A31F04683D4C41BFB7F884FEEA5B71C4', 'D43012D564CA4020BFD4B2BF255C414C', '00B6878802BE473D928DA72F438ABF75');
INSERT INTO `sys_role_menu` VALUES ('A364710AFAEA4969BB22ADE5531852BF', '355FDC27458148939BB38DCAABDA2632', '4635748DEF5541DE921B118511CF9C1F');
INSERT INTO `sys_role_menu` VALUES ('A74355B0C1E9490599A01630D05DE218', '355FDC27458148939BB38DCAABDA2632', '0E8C5AC959F74E08A633A2590765B6AB');
INSERT INTO `sys_role_menu` VALUES ('B071123E82644FFA8C9B2591391C5B3E', '355FDC27458148939BB38DCAABDA2632', 'E26814A1511A4720B1BFE2F45DF6D31E');
INSERT INTO `sys_role_menu` VALUES ('B4563839E9D942818F8B32C3FD831942', 'D43012D564CA4020BFD4B2BF255C414C', 'E26814A1511A4720B1BFE2F45DF6D31E');
INSERT INTO `sys_role_menu` VALUES ('BFCA4285AFC5462C983E3C162D4C421A', 'D43012D564CA4020BFD4B2BF255C414C', '4635748DEF5541DE921B118511CF9C1F');
INSERT INTO `sys_role_menu` VALUES ('C88A59EBD5F74031A696BCA24442D348', 'D43012D564CA4020BFD4B2BF255C414C', '0E8C5AC959F74E08A633A2590765B6AB');
INSERT INTO `sys_role_menu` VALUES ('C8E71A23A1BA44D68B90DA63F0945058', 'D43012D564CA4020BFD4B2BF255C414C', '5AD56DBA361F4AA8A8C8FA9D2CDCDDBA');
INSERT INTO `sys_role_menu` VALUES ('CBF7482AD0BC4FFBB88B72C61A8BDB8F', '355FDC27458148939BB38DCAABDA2632', 'B4E7F17ED47543BBAB23265FF1F7348F');
INSERT INTO `sys_role_menu` VALUES ('E698BA5E801E4D89AC822772B0399CC7', 'D43012D564CA4020BFD4B2BF255C414C', 'FE033800FD86421095B0CD67A1423E99');
INSERT INTO `sys_role_menu` VALUES ('F35E0C738BAF4A459E9A219B3504FCD6', '355FDC27458148939BB38DCAABDA2632', '00B6878802BE473D928DA72F438ABF75');

-- ----------------------------
-- Table structure for sys_user
-- ----------------------------
DROP TABLE IF EXISTS `sys_user`;
CREATE TABLE `sys_user`  (
  `id` varchar(64) CHARACTER SET utf8mb4 COLLATE utf8mb4_general_ci NOT NULL,
  `user_name` varchar(255) CHARACTER SET utf8mb4 COLLATE utf8mb4_general_ci NULL DEFAULT NULL COMMENT '名字',
  `account` varchar(255) CHARACTER SET utf8mb4 COLLATE utf8mb4_general_ci NULL DEFAULT NULL COMMENT '账号',
  `password` varchar(255) CHARACTER SET utf8mb4 COLLATE utf8mb4_general_ci NULL DEFAULT NULL COMMENT '密码',
  `user_age` int(11) NULL DEFAULT NULL COMMENT '用户年龄',
  `phone` varchar(255) CHARACTER SET utf8mb4 COLLATE utf8mb4_general_ci NULL DEFAULT NULL COMMENT '手机号',
  `photo` varchar(255) CHARACTER SET utf8mb4 COLLATE utf8mb4_general_ci NULL DEFAULT NULL COMMENT '照片',
  `email` varchar(255) CHARACTER SET utf8mb4 COLLATE utf8mb4_general_ci NULL DEFAULT NULL COMMENT '邮箱',
  `enabled` int(11) NULL DEFAULT 1 COMMENT '状态 1-启用 0-禁用',
  `create_time` datetime(0) NULL DEFAULT NULL,
  `update_time` datetime(0) NULL DEFAULT NULL,
  PRIMARY KEY (`id`) USING BTREE
) ENGINE = InnoDB CHARACTER SET = utf8mb4 COLLATE = utf8mb4_general_ci ROW_FORMAT = Dynamic;

-- ----------------------------
-- Records of sys_user
-- ----------------------------
INSERT INTO `sys_user` VALUES ('32FD77B7708F41F4B0447F6419CC3B94', '蒲政宇', 'pzy', '73afa34951182e5f74723d20d6c8f5e0', 20, '15210108209', 'http://inmeyu.com/images/B70E85880E084D4197AA487B8FDEE8EC.jpg', '15210108209@163.com', 1, '2019-12-13 17:10:18', '2019-12-13 17:10:18');
INSERT INTO `sys_user` VALUES ('DE7FEBD0BA494627B02D86AE87D53AA0', '郑天予', 'zty', '48f963f4ce617efafe2ddd80c3eb2444', 20, '', 'http://inmeyu.com/images/D521B3D33BA3404FBD86780D0AD81C7B.jpg', '', 1, '2019-12-13 17:34:39', '2019-12-13 17:34:39');

-- ----------------------------
-- Table structure for sys_user_role
-- ----------------------------
DROP TABLE IF EXISTS `sys_user_role`;
CREATE TABLE `sys_user_role`  (
  `id` varchar(64) CHARACTER SET utf8 COLLATE utf8_general_ci NOT NULL,
  `user_id` varchar(64) CHARACTER SET utf8 COLLATE utf8_general_ci NULL DEFAULT NULL,
  `role_id` varchar(64) CHARACTER SET utf8 COLLATE utf8_general_ci NULL DEFAULT NULL,
  PRIMARY KEY (`id`) USING BTREE
) ENGINE = InnoDB CHARACTER SET = utf8mb4 COLLATE = utf8mb4_general_ci ROW_FORMAT = Dynamic;

-- ----------------------------
-- Records of sys_user_role
-- ----------------------------
INSERT INTO `sys_user_role` VALUES ('2FFB6869A9C646E187B0DBC49A5FD255', '32FD77B7708F41F4B0447F6419CC3B94', 'D43012D564CA4020BFD4B2BF255C414C');
INSERT INTO `sys_user_role` VALUES ('C56F2E847817458E9AA33269A486D66D', 'DE7FEBD0BA494627B02D86AE87D53AA0', '355FDC27458148939BB38DCAABDA2632');

SET FOREIGN_KEY_CHECKS = 1;
